69900001,Beco Estado do Acre,,Base,7735,1
69900004,Praça Barbosa Lima,,Base,7735,1
69900007,Travessa Feijó,,Base,7735,1
69900010,Praça Estado do Acre,,Base,7735,1
69900013,Travessa Cruzeiro do Sul,,Base,7735,1
69900016,Praça Sena Madureira,,Base,7735,1
69900019,Praça Xapuri,,Base,7735,1
69900022,Beco do Mercado,,Base,7735,1
69900025,Praça Floriano Peixoto,- até 351/352,Base,7735,1
69900028,Avenida Epaminondas Jácome,- de 3121 ao fim - lado ímpar,Base,7735,1
69900031,Travessa Brasiléia,,Base,7735,1
69900034,Avenida Epaminondas Jácome,- de 3122 ao fim - lado par,Base,7735,1
69900037,Praça Plínio Brandão,,Base,7735,1
69900040,Travessa Tarauacá,,Base,7735,1
69900043,Praça Benjamin Constant,- de 1241/1242 ao fim,Base,7735,1
69900046,Praça Floriano Peixoto,- de 353/354 a 478/479,Base,7735,1
69900050,Avenida Epaminondas Jácome,- de 2375 a 3119 - lado ímpar,Centro,7735,1
69900052,Beco Arlindo,,Centro,7735,1
69900054,Avenida dos Catraeiros,,Centro,7735,1
69900056,Avenida Epaminondas Jácome,- de 2374 a 3120 - lado par,Centro,7735,1
69900058,Praça Arlindo Porto Leal,,Centro,7735,1
69900060,Avenida Getúlio Vargas,- até 739/740,Centro,7735,1
69900062,Praça Benjamin Constant,- de 500 a 1240 - lado par,Centro,7735,1
69900064,Praça Benjamin Constant,- de 499 a 1239 - lado ímpar,Centro,7735,1
69900066,Praça Marechal Deodoro,- até 301 - lado ímpar,Centro,7735,1
69900068,Praça Marechal Deodoro,- até 302 - lado par,Centro,7735,1
69900070,Praça Quintino Bocaiúva,,Centro,7735,1
69900072,Praça Sergipe,- lado par,Centro,7735,1
69900074,Travessa Sergipe,,Centro,7735,1
69900076,Avenida Brasil,- lado ímpar,Centro,7735,1
69900078,Avenida Brasil,- lado par,Centro,7735,1
69900080,Praça Plácido de Castro,,Centro,7735,1
69900082,Praça Doutor Franco Ribeiro,,Centro,7735,1
69900084,Praça Rui Barbosa,,Centro,7735,1
69900086,Praça Fausto Robalo,,Centro,7735,1
69900088,Avenida Ceará,- de 957 a 1857 - lado ímpar,Centro,7735,1
69900090,Praça Floriano Peixoto,- de 480 ao fim - lado par,Centro,7735,1
69900092,Praça Rio Grande do Sul,- até 141/142,Centro,7735,1
69900094,Travessa da Catedral,,Centro,7735,1
69900096,Travessa da Igreja,,Centro,7735,1
69900098,Praça Graciliano Ramos,,Centro,7735,1
69900100,Praça Floriano Peixoto,- de 481 a 969 - lado ímpar,Papouco,7735,1
69900104,Praça Marechal Rondon,,Papouco,7735,1
69900108,Praça Piauí,- até 137/138,Papouco,7735,1
69900120,Praça Rio Grande do Sul,- de 486/487 a 719/720,Preventório,7735,1
69900123,Praça 25 de Agosto,,Preventório,7735,1
69900126,Praça Goiás,,Preventório,7735,1
69900129,Praça Minas Gerais,- de 520 a 1006 - lado par,Preventório,7735,1
69900132,Praça Minas Gerais,- de 521 a 1007 - lado ímpar,Preventório,7735,1
69900135,Travessa Érico Veríssimo,,Preventório,7735,1
69900138,Praça São Francisco de Assis,,Preventório,7735,1
69900141,Praça Santo Expedito,,Preventório,7735,1
69900144,Praça Chagas Leitoso,,Preventório,7735,1
69900147,Praça dos Santos,,Preventório,7735,1
69900150,Praça Rio Grande do Sul,- de 721/722 a 1499/1500,Preventório,7735,1
69900153,Praça São Geraldo,,Preventório,7735,1
69900156,Beco da Ligação I,,Preventório,7735,1
69900159,Praça Gabino Besouro,,Preventório,7735,1
69900162,Beco da Ligação II,,Preventório,7735,1
69900165,Beco da Ligação III,,Preventório,7735,1
69900168,Beco da Ligação IV,,Preventório,7735,1
69900171,Beco da Ligação V,,Preventório,7735,1
69900174,Beco Horácio Bandeira,,Preventório,7735,1
69900177,Praça Leblon,- de 841/842 ao fim,Preventório,7735,1
69900180,Praça Minas Gerais,- de 1009 ao fim - lado ímpar,Preventório,7735,1
69900183,Travessa Rosa Menezes,,Preventório,7735,1
69900186,Praça Minas Gerais,- de 1008 ao fim - lado par,Preventório,7735,1
69900190,Praça Leblon,- até 839/840,Ivete Vargas,7735,1
69900193,Praça Carneiro Leão,,Ivete Vargas,7735,1
69900196,Praça Itamaracá,- até 199/200,Ivete Vargas,7735,1
69900199,Travessa Doutora Maria Tapajós,,Ivete Vargas,7735,1
69900202,Praça João Reis,,Ivete Vargas,7735,1
69900205,Praça 13 de Maio,,Ivete Vargas,7735,1
69900208,Praça Armando Gama,,Ivete Vargas,7735,1
69900211,Praça Luzia Ferreira,,Ivete Vargas,7735,1
69900214,Praça Rio de Janeiro,- de 1155 a 1465 - lado ímpar,Ivete Vargas,7735,1
69900217,Praça Almiro Daniel,,Ivete Vargas,7735,1
69900220,Praça 25 de Março,,Ivete Vargas,7735,1
69900223,Praça Fé de Deus,,Ivete Vargas,7735,1
69900226,Praça Raimundo Lima,,Ivete Vargas,7735,1
69900229,Travessa Raimundo Lima,,Ivete Vargas,7735,1
69900232,Praça Boa Vista,,Ivete Vargas,7735,1
69900235,Praça Quinha Gomes,,Ivete Vargas,7735,1
69900238,Travessa Jesus de Nazaré,,Ivete Vargas,7735,1
69900241,Praça Jericó,,Ivete Vargas,7735,1
69900244,Praça Belo Horizonte,,Ivete Vargas,7735,1
69900247,Praça Projetada 327,,Ivete Vargas,7735,1
69900250,Praça Osvaldo Cruz,,Ivete Vargas,7735,1
69900253,Beco Jessé Santiago,,Ivete Vargas,7735,1
69900256,Beco Nova Jerusalem,,Ivete Vargas,7735,1
69900259,Praça Rio de Janeiro,- de 913 a 1153 - lado ímpar,Ivete Vargas,7735,1
69900262,Praça Princesa Isabel,,Ivete Vargas,7735,1
69900270,Praça Rio de Janeiro,- de 485 a 911 - lado ímpar,Dom Giocondo,7735,1
69900273,Praça Rio de Janeiro,- de 486 a 910 - lado par,Dom Giocondo,7735,1
69900276,Praça São Paulo,- até 590/591,Dom Giocondo,7735,1
69900279,Praça Major Ladislau Ferreira,- até 519/520,Dom Giocondo,7735,1
69900282,Praça Manoel Rodrigues de Souza,- até 147/148,Dom Giocondo,7735,1
69900285,Travessa Dom Giocondo,,Dom Giocondo,7735,1
69900288,Travessa dos Tratoristas,,Dom Giocondo,7735,1
69900291,Praça dos Professores,,Dom Giocondo,7735,1
69900294,Travessa Bom Pastor,,Dom Giocondo,7735,1
69900297,Praça Raimundo Gama,,Dom Giocondo,7735,1
69900300,Avenida Ceará,- de 2357 a 2829 - lado ímpar,Dom Giocondo,7735,1
69900303,Avenida Ceará,- de 1859 a 2355 - lado ímpar,Dom Giocondo,7735,1
69900306,Praça Pernambuco,- até 484/485,Dom Giocondo,7735,1
69900309,Praça Rio de Janeiro,- até 484 - lado par,Dom Giocondo,7735,1
69900312,Praça Rio de Janeiro,- até 483 - lado ímpar,Dom Giocondo,7735,1
69900315,Praça Minas Gerais,- até 518 - lado par,Dom Giocondo,7735,1
69900318,Praça Minas Gerais,- até 519 - lado ímpar,Dom Giocondo,7735,1
69900321,Praça Piauí,- de 139/140 ao fim,Dom Giocondo,7735,1
69900324,Praça Rio Grande do Sul,- de 143/144 a 484/485,Dom Giocondo,7735,1
69900327,Praça Floriano Peixoto,- de 971 ao fim - lado ímpar,Dom Giocondo,7735,1
69900330,Avenida Ceará,- de 1410 a 1600 - lado par,Ipase,7735,1
69900333,Praça Marechal Deodoro,- de 303/304 a 899/900,Ipase,7735,1
69900336,Praça Thaumaturgo de Azevedo,,Ipase,7735,1
69900339,Travessa Thaumaturgo de Azevedo,,Ipase,7735,1
69900342,Praça Ipase,,Ipase,7735,1
69900345,Praça João Donato,,Ipase,7735,1
69900348,Travessa Campo do Rio Branco,- de 841/842 ao fim,Ipase,7735,1
69900351,Canal da Maternidade,,Ipase,7735,1
69900354,Praça Marechal Deodoro,- de 901/902 ao fim,Ipase,7735,1
69900357,Praça Antônio Monteiro,,Ipase,7735,1
69900360,Praça Alexandre Farhat,- até 149/150,Ipase,7735,1
69900363,Praça Silvestre Coelho,- até 377/378,Ipase,7735,1
69900370,Avenida Getúlio Vargas,- de 742 a 984 - lado par,Bosque,7735,1
69900373,Avenida Getúlio Vargas,- de 741 a 1031 - lado ímpar,Bosque,7735,1
69900376,Travessa da Maternidade,,Bosque,7735,1
69900379,Avenida Ceará,- de 1602 a 2298 - lado par,Bosque,7735,1
69900382,Beco do Brejão,,Bosque,7735,1
69900385,Praça João Onofre,,Bosque,7735,1
69900388,Travessa Copacabana,,Bosque,7735,1
69900391,Travessa São João,,Bosque,7735,1
69900394,Travessa São João II,,Bosque,7735,1
69900397,Travessa Municipalidade,,Bosque,7735,1
69900400,Praça Alagoas,,Bosque,7735,1
69900403,Praça José de Melo,,Bosque,7735,1
69900406,Praça Epaminondas Martins,,Bosque,7735,1
69900409,Praça Cremilda Castor,,Bosque,7735,1
69900412,Travessa Alagoas I,,Bosque,7735,1
69900415,Praça Antônio Camelo,,Bosque,7735,1
69900418,Praça Bela Vista,,Bosque,7735,1
69900421,Praça Pernambuco,- de 486 a 1230 - lado par,Bosque,7735,1
69900424,Travessa Francisco Furtado,,Bosque,7735,1
69900427,Praça Alegre,,Bosque,7735,1
69900430,Beco Neutel Maia,,Bosque,7735,1
69900433,Praça Pernambuco,- de 487 a 1231 - lado ímpar,Bosque,7735,1
69900436,Praça Manoel Cassiano,,Bosque,7735,1
69900439,Praça São Vicente,,Bosque,7735,1
69900445,Praça São Paulo,- de 592/593 ao fim,Bosque,7735,1
69900448,Avenida Ceará,- de 2300 a 2762 - lado par,Bosque,7735,1
69900451,Praça Manoel Rodrigues de Souza,- de 149/150 ao fim,Bosque,7735,1
69900454,Beco Manoel Rodrigues de Souza,,Bosque,7735,1
69900457,Praça Rondônia,- até 280/281,Bosque,7735,1
69900460,Avenida Nações Unidas,- de 1145 a 1485 - lado ímpar,Bosque,7735,1
69900463,Avenida Nações Unidas,- de 665 a 1143 - lado ímpar,Bosque,7735,1
69900466,Avenida Getúlio Vargas,- de 1033 a 1521 - lado ímpar,Bosque,7735,1
69900469,Avenida Getúlio Vargas,- de 986 a 1522 - lado par,Bosque,7735,1
69900472,Praça Isaura Parente,- até 498 - lado par,Bosque,7735,1
69900475,Praça Pernambuco,- de 1233 ao fim - lado ímpar,Bosque,7735,1
69900478,Avenida Nações Unidas,- de 664 a 1144 - lado par,Bosque,7735,1
69900481,Praça Antunes de Alencar,,Bosque,7735,1
69900484,Praça Maranhão,,Bosque,7735,1
69900487,Praça Manoel Barata,,Bosque,7735,1
69900490,Praça Isaura Parente,- até 499 - lado ímpar,Bosque,7735,1
69900493,Praça Isaura Parente,- de 501 a 799 - lado ímpar,Bosque,7735,1
69900496,Praça Paraná,,Bosque,7735,1
69900499,Travessa Espírito Santo,,Bosque,7735,1
69900502,Praça Alan Kardec,,Bosque,7735,1
69900505,Praça Paulo VI,,Bosque,7735,1
69900508,Praça Rondônia,- de 282/283 ao fim,Bosque,7735,1
69900511,Praça Severiano,,Bosque,7735,1
69900514,Praça Pádua,,Bosque,7735,1
69900517,Praça Manoel Castor de Araújo,,Bosque,7735,1
69900520,Avenida Nações Unidas,- de 1146 a 1484 - lado par,Bosque,7735,1
69900523,Praça Pernambuco,- de 1232 ao fim - lado par,Bosque,7735,1
69900526,Avenida Antônio da Rocha Viana,- até 1598 - lado par,Bosque,7735,1
69900529,Travessa Padre Manoel da Nóbrega,,Bosque,7735,1
69900532,Praça João Medeiros,,Bosque,7735,1
69900535,Travessa Raimundo Café,,Bosque,7735,1
69900538,Praça Guarani,,Bosque,7735,1
69900541,Praça Bartolomeu Bueno,,Bosque,7735,1
69900544,Praça Padre Manoel da Nóbrega,,Bosque,7735,1
69900547,Praça Barão do Rio Branco,,Bosque,7735,1
69900550,Praça Hugo Carneiro,- até 1199/1200,Bosque,7735,1
69900553,Praça Custódio Freire,,Bosque,7735,1
69900556,Praça da Alegria,,Bosque,7735,1
69900559,Praça Farroupilha,,Bosque,7735,1
69900562,Praça São Januário,,Bosque,7735,1
69900565,Praça Hugo Carneiro,- de 1201/1202 ao fim,Bosque,7735,1
69900568,Praça Henrique Dias,- até 291/292,Bosque,7735,1
69900571,Travessa Henrique Dias,,Bosque,7735,1
69900574,Travessa Maranhão,,Bosque,7735,1
69900577,Praça Castro Alves,- até 251/252,Bosque,7735,1
69900580,Praça João XXIII,- até 952/953,Bosque,7735,1
69900583,Praça Saudade,,Bosque,7735,1
69900586,Travessa do Morro,,Bosque,7735,1
69900589,Avenida Getúlio Vargas,- de 2092 a 3030 - lado par,Bosque,7735,1
69900592,Travessa Reno,,Bosque,7735,1
69900595,Travessa Danúbio,,Bosque,7735,1
69900598,Travessa Lourenço Filho,,Bosque,7735,1
69900601,Travessa Manoel de Abreu,,Bosque,7735,1
69900604,Travessa do Hemoacre,,Bosque,7735,1
69900607,Avenida Getúlio Vargas,- de 2093 a 3029 - lado ímpar,Bosque,7735,1
69900610,Avenida Getúlio Vargas,- de 1523 a 2091 - lado ímpar,Bosque,7735,1
69900613,Avenida Getúlio Vargas,- de 1524 a 2090 - lado par,Bosque,7735,1
69900616,Praça João XXIII,- de 954/955 ao fim,Bosque,7735,1
69900619,Praça Dom Giocondo Maria Grote,,Bosque,7735,1
69900622,Praça Castro Alves,- de 253/254 ao fim,Bosque,7735,1
69900625,Praça Henrique Dias,- de 293/294 ao fim,Bosque,7735,1
69900628,Praça Goudwasser Santos,,Bosque,7735,1
69900631,Praça Alvorada,- de 401/402 ao fim,Bosque,7735,1
69900634,Praça Milton Matos,,Bosque,7735,1
69900637,Travessa Marinho Monte,,Bosque,7735,1
69900640,Praça Coronel José Galdino,,Bosque,7735,1
69900643,Praça Dom Bosco 1,,Bosque,7735,1
69900646,Beco da Cageacre,,Bosque,7735,1
69900649,Praça Coronel Brandão,,Bosque,7735,1
69900652,Praça dos Militares,,Bosque,7735,1
69900655,Travessa Militar,,Bosque,7735,1
69900658,Praça Coronel Alexandrino,- de 361/362 ao fim,Bosque,7735,1
69900661,Praça Silvestre Coelho,- de 615/616 ao fim,Bosque,7735,1
69900664,Praça Alvorada,- até 399/400,Bosque,7735,1
69900667,Travessa da Saudade,,Bosque,7735,1
69900670,Praça Quintino Bocaiuva,- de 1643/1644 ao fim,Bosque,7735,1
69900673,Praça Bartolomeu Dias,,Bosque,7735,1
69900676,Praça Dom Bosco 2,,Bosque,7735,1
69900679,Praça Colômbia,,Bosque,7735,1
69900682,Praça Valerio Magalhães,- de 415/416 ao fim,Bosque,7735,1
69900685,Praça Valerio Magalhães,- até 413/414,Bosque,7735,1
69900688,Praça Francisco Mangabeira,,Bosque,7735,1
69900691,Travessa Francisco Conde,,Bosque,7735,1
69900694,Travessa 19 de Novembro,,Bosque,7735,1
69900697,Praça Coronel Alexandrino,- até 359/360,Bosque,7735,1
69900700,Travessa Capitão Ciríaco,,Bosque,7735,1
69900703,Travessa Amélia Araripe,,Bosque,7735,1
69900706,Beco Cantinho do Amor,,Bosque,7735,1
69900709,Praça do Futuro,,Bosque,7735,1
69900712,Estrada do Aviário,- de 1127/1128 ao fim,Bosque,7735,1
69900715,Avenida Nações Unidas,- até 662 - lado par,Bosque,7735,1
69900718,Praça Quintino Bocaiuva,- de 1357/1358 a 1641/1642,Bosque,7735,1
69900721,Avenida Nações Unidas,- até 663 - lado ímpar,Bosque,7735,1
69900724,Praça Guiomard Santos,,Bosque,7735,1
69900770,Travessa Alexandre Lopes,,José Augusto,7735,1
69900773,Praça Silvestre Coelho,- de 379/380 a 613/614,José Augusto,7735,1
69900776,Praça Major Salinas,,José Augusto,7735,1
69900779,Praça Alexandre Farhat,- de 151/152 ao fim,José Augusto,7735,1
69900782,Travessa do Sol,,José Augusto,7735,1
69900785,Praça Quintino Bocaiuva,- até 1355/1356,José Augusto,7735,1
69900788,Praça Visconde de Mauá,,José Augusto,7735,1
69900791,Praça Santo Antônio,,José Augusto,7735,1
69900794,Praça Estácio de Sá,,José Augusto,7735,1
69900797,Praça Grêmio Alberto Sampaio,,José Augusto,7735,1
69900800,Praça Projetada 152,,José Augusto,7735,1
69900803,Praça Santo Afonso,,José Augusto,7735,1
69900806,Travessa Portelas,,José Augusto,7735,1
69900809,Praça Riachuelo,,José Augusto,7735,1
69900812,Praça Ponta Porã,,José Augusto,7735,1
69900815,Travessa Virgílio Lima,,José Augusto,7735,1
69900816,Travessa Manoel Cezário,,José Augusto,7735,1
69900818,Praça Manoel Cesário,- de 555/556 ao fim,José Augusto,7735,1
69900821,Travessa José Augusto,,José Augusto,7735,1
69900830,Estrada do Aviário,- até 1125 - lado ímpar,Aviário,7735,1
69900833,Travessa São Gabriel,,Aviário,7735,1
69900836,Travessa Almirante Mário de Oliveira,,Aviário,7735,1
69900839,Travessa Irineu Serra,,Aviário,7735,1
69900842,Praça Raul Barcelar,,Aviário,7735,1
69900845,Travessa Guarani,,Aviário,7735,1
69900848,Travessa Mirim,,Aviário,7735,1
69900851,Travessa Flamengo,,Aviário,7735,1
69900854,Estrada do Aviário,- até 1126 - lado par,Aviário,7735,1
69900857,Travessa Fluminense,,Aviário,7735,1
69900860,Praça Antimari,,Aviário,7735,1
69900863,Travessa Beny Manuela,,Aviário,7735,1
69900866,Praça Álvaro Dantas,,Aviário,7735,1
69900869,Travessa Álvaro Dantas,,Aviário,7735,1
69900872,Praça Eletra,,Aviário,7735,1
69900875,Praça Primavera,- até 149/150,Aviário,7735,1
69900878,Praça Santa Inês,- até 588/589,Aviário,7735,1
69900900,Avenida Getúlio Vargas 232,,Centro,7735,1
69900901,Praça Rui Barbosa 285,,Centro,7735,1
69900902,Avenida Brasil 378,,Centro,7735,1
69900903,Praça Marechal Deodoro 340,,Centro,7735,1
69900904,Praça Arlindo Porto Leal 241,,Centro,7735,1
69900970,Avenida Epaminondas Jácome 2858,,Centro,7735,1
69900971,Praça Floriano Peixoto 411,,Base,7735,1
69900972,Praça Isaura Parente 167,,Bosque,7735,1
69900973,Avenida Ceará 3607,,7º BEC,7735,1
69900974,Praça Quintino Bocaiúva 299,,Centro,7735,1
69901000,Travessa da Serra,,Conjunto Jardim São Francisco,7735,1
69901003,Praça Abacate,- de 75/76 ao fim,Conjunto Jardim São Francisco,7735,1
69901006,Praça São Francisco,,Conjunto Jardim São Francisco,7735,1
69901009,Praça Melancia,- de 121/122 ao fim,Conjunto Jardim São Francisco,7735,1
69901012,Praça Uva,,Conjunto Jardim São Francisco,7735,1
69901015,Praça Cupuaçú,,Conjunto Jardim São Francisco,7735,1
69901018,Praça Azeitona,,Conjunto Jardim São Francisco,7735,1
69901021,Praça Maçã,,Conjunto Jardim São Francisco,7735,1
69901024,Praça Laranja,,Conjunto Jardim São Francisco,7735,1
69901027,Praça Jabuticaba,- de 149/150 ao fim,Conjunto Jardim São Francisco,7735,1
69901040,Travessa Vera Cruz,,Morada do Sol,7735,1
69901043,Praça Abacaxi,,Morada do Sol,7735,1
69901046,Praça Jabuticaba,- até 147/148,Morada do Sol,7735,1
69901049,Praça Capitão Cirilo,,Morada do Sol,7735,1
69901052,Travessa Joaquim Chaves,,Morada do Sol,7735,1
69901055,Praça Santa Inês,- até 320 - lado par,Morada do Sol,7735,1
69901058,Travessa Santa Luzia,,Morada do Sol,7735,1
69901061,Estrada da Invernada,- de 985/986 ao fim,Morada do Sol,7735,1
69901064,Praça Morango,,Morada do Sol,7735,1
69901067,Praça Pêssego,,Morada do Sol,7735,1
69901070,Praça Jambo,,Morada do Sol,7735,1
69901073,Travessa Acerola,,Morada do Sol,7735,1
69901076,Travessa Goiaba,,Morada do Sol,7735,1
69901079,Travessa Cajú,,Morada do Sol,7735,1
69901082,Praça Graviola,,Morada do Sol,7735,1
69901085,Praça Abacate,- até 73/74,Morada do Sol,7735,1
69901088,Praça Melancia,- até 119/120,Morada do Sol,7735,1
69901091,Praça Marte,- de 1095/1096 ao fim,Morada do Sol,7735,1
69901094,Praça Melão,,Morada do Sol,7735,1
69901097,Estrada da Invernada,- até 983/984,Morada do Sol,7735,1
69901100,Praça Vênus,,Morada do Sol,7735,1
69901103,Praça Órion,,Morada do Sol,7735,1
69901106,Praça Aquários,,Morada do Sol,7735,1
69901109,Praça Mamão,,Morada do Sol,7735,1
69901112,Praça Vera Cruz,,Morada do Sol,7735,1
69901115,Praça Mercúrio,- de 311/312 ao fim,Morada do Sol,7735,1
69901118,Praça Manga,,Morada do Sol,7735,1
69901121,Praça Júpiter,,Morada do Sol,7735,1
69901124,Praça Urano,,Morada do Sol,7735,1
69901127,Praça Netuno,,Morada do Sol,7735,1
69901130,Praça Plutão 1,,Morada do Sol,7735,1
69901133,Praça Lua,- de 221/222 ao fim,Morada do Sol,7735,1
69901136,Travessa Halley,,Morada do Sol,7735,1
69901139,Praça Galáxia,,Morada do Sol,7735,1
69901142,Praça Halley,,Morada do Sol,7735,1
69901148,Praça Saturno,,Morada do Sol,7735,1
69901151,Travessa Riozinho do Rola,,Morada do Sol,7735,1
69901154,Praça Marte,- de 872/873 a 1093/1094,Morada do Sol,7735,1
69901160,Praça Marte,- até 869/870,Adalberto Aragão,7735,1
69901162,Praça Mauri Sérgio,,Adalberto Aragão,7735,1
69901164,Praça Mário Maia,,Adalberto Aragão,7735,1
69901166,Praça Plácido de Castro,,Adalberto Aragão,7735,1
69901168,Travessa Sena Madureira,,Adalberto Aragão,7735,1
69901170,Travessa Tambaqui,,Adalberto Aragão,7735,1
69901172,Travessa Dourado,,Adalberto Aragão,7735,1
69901174,Travessa Manaus,,Adalberto Aragão,7735,1
69901176,Travessa Avestruz,,Adalberto Aragão,7735,1
69901178,Travessa Manoel Urbano,,Adalberto Aragão,7735,1
69901180,Travessa Capivara,,Adalberto Aragão,7735,1
69901182,Praça Lua,- até 219/220,Adalberto Aragão,7735,1
69901184,Beco Mercúrio,,Adalberto Aragão,7735,1
69901186,Praça Mercúrio,- até 309/310,Adalberto Aragão,7735,1
69901188,Travessa Heros,,Adalberto Aragão,7735,1
69901190,Beco Heros,,Adalberto Aragão,7735,1
69901192,Praça Perpétua,- até 421/422,Adalberto Aragão,7735,1
69901200,Praça Perpétua,- de 423/424 ao fim,Jardim Tropical,7735,1
69901203,Praça Heros,- de 329/330 ao fim,Jardim Tropical,7735,1
69901206,Praça Violeta,,Jardim Tropical,7735,1
69901209,Praça Dália,,Jardim Tropical,7735,1
69901212,Praça dos Anturios,,Jardim Tropical,7735,1
69901215,Praça das Hortências,,Jardim Tropical,7735,1
69901218,Praça das Samambaias,,Jardim Tropical,7735,1
69901221,Praça Plutão 2,,Jardim Tropical,7735,1
69901224,Praça das Oliveiras,,Jardim Tropical,7735,1
69901227,Praça Heros,- até 327/328,Jardim Tropical,7735,1
69901230,Praça das Palmeiras,,Jardim Tropical,7735,1
69901233,Praça das Acácias,,Jardim Tropical,7735,1
69901236,Praça Pêra,,Jardim Tropical,7735,1
69901239,Praça do Jasmim,,Jardim Tropical,7735,1
69901242,Praça dos Lírios,,Jardim Tropical,7735,1
69901245,Praça das Palmas,,Jardim Tropical,7735,1
69901248,Praça da Dama da Noite,,Jardim Tropical,7735,1
69901251,Praça Vitória Régia,,Jardim Tropical,7735,1
69901254,Praça 10 de Junho,- de 713/714 ao fim,Jardim Tropical,7735,1
69901270,Praça 10 de Junho,- até 711/712,Casa Nova,7735,1
69901274,Beco São Raimundo,,Casa Nova,7735,1
69901278,Beco João Fonseca,,Casa Nova,7735,1
69901282,Travessa Santa Lúcia,,Casa Nova,7735,1
69901286,Travessa da Amizade,,Casa Nova,7735,1
69901290,Beco Esperança,,Casa Nova,7735,1
69901310,Travessa Santa Inês,,Baixa da Colina,7735,1
69901313,Praça Santa Inês,- de 590/591 ao fim,Baixa da Colina,7735,1
69901314,Beco Santa Inês,,Baixa da Colina,7735,1
69901316,Estrada do São Francisco,- até 641/642,Baixa da Colina,7735,1
69901319,Praça Casa Nova l,,Baixa da Colina,7735,1
69901322,Praça Casa Nova ll,,Baixa da Colina,7735,1
69901325,Praça Luiz das Chagas Góes,,Baixa da Colina,7735,1
69901328,Praça Francisco Ferreira,,Baixa da Colina,7735,1
69901331,Praça Santa Maria,,Baixa da Colina,7735,1
69901334,Travessa Baixa da Colina,,Baixa da Colina,7735,1
69901337,Travessa da Colina,,Baixa da Colina,7735,1
69901340,Travessa Plácido de Castro,,Baixa da Colina,7735,1
69901343,Travessa Verão,,Baixa da Colina,7735,1
69901346,Travessa Primavera,,Baixa da Colina,7735,1
69901352,Travessa Pedro Vaz,,Baixa da Colina,7735,1
69901355,Praça Independência,,Baixa da Colina,7735,1
69901360,Praça Delfim Neto,,Conjunto Guiomard Santos,7735,1
69901363,Travessa das Flores,,Conjunto Guiomard Santos,7735,1
69901366,Praça Henrique Alfane,,Conjunto Guiomard Santos,7735,1
69901369,Praça Lauro Fontes,,Conjunto Guiomard Santos,7735,1
69901372,Praça Jephete Maia,,Conjunto Guiomard Santos,7735,1
69901375,Praça Doutor Adalberto Costa e Silva,,Conjunto Guiomard Santos,7735,1
69901378,Praça José Nolasco,,Conjunto Guiomard Santos,7735,1
69901381,Praça José de Almeida,,Conjunto Guiomard Santos,7735,1
69901384,Praça Menderson,,Conjunto Guiomard Santos,7735,1
69901387,Praça Virgílio de Lima,,Conjunto Guiomard Santos,7735,1
69901390,Praça José Brandrão,,Conjunto Guiomard Santos,7735,1
69901393,Praça Vitória,,Conjunto Guiomard Santos,7735,1
69901396,Praça Espatódia,,Conjunto Guiomard Santos,7735,1
69901399,Praça Narciso José de Lima,,Conjunto Guiomard Santos,7735,1
69901402,Praça Luzanira Gomes,,Conjunto Guiomard Santos,7735,1
69901405,Praça Francisco Heleno,,Conjunto Guiomard Santos,7735,1
69901408,Praça Persegona,,Conjunto Guiomard Santos,7735,1
69901411,Praça Delmar Pismel,,Conjunto Guiomard Santos,7735,1
69901414,Avenida Central,,Conjunto Guiomard Santos,7735,1
69901417,Praça Kent,,Conjunto Guiomard Santos,7735,1
69901420,Praça Orquídea,,Conjunto Guiomard Santos,7735,1
69901423,Praça Lavosier,,Conjunto Guiomard Santos,7735,1
69901426,Praça Horácio Cavalcante,,Conjunto Guiomard Santos,7735,1
69901429,Praça Servo Ribeiro,,Conjunto Guiomard Santos,7735,1
69901432,Praça Edmundo Pinto,,Conjunto Guiomard Santos,7735,1
69901435,Praça Antonio Moura Malveira,,Conjunto Guiomard Santos,7735,1
69901438,Praça Wilde Viana das Neves Filho,,Conjunto Guiomard Santos,7735,1
69901441,Praça Santa Inês,,Conjunto Guiomard Santos,7735,1
69901510,Estrada do São Francisco,- de 643/644 a 829/830,São Francisco,7735,1
69901513,Praça São Caetano,,São Francisco,7735,1
69901516,Estrada do São Francisco,- de 831/832 a 1319/1320,São Francisco,7735,1
69901519,Avenida Eugênio Beco Bezerra,,São Francisco,7735,1
69901522,Praça A1,,São Francisco,7735,1
69901525,Praça A2,,São Francisco,7735,1
69901528,Praça F,,São Francisco,7735,1
69901531,Praça E,,São Francisco,7735,1
69901534,Praça D,,São Francisco,7735,1
69901537,Praça C,,São Francisco,7735,1
69901540,Praça B,,São Francisco,7735,1
69901543,Travessa Edson Cadaxo,,São Francisco,7735,1
69901546,Travessa do Galo,,São Francisco,7735,1
69901549,Praça Andrade Silva,,São Francisco,7735,1
69901552,Praça Jânio Quadro,,São Francisco,7735,1
69901555,Praça Antônio Carlos,,São Francisco,7735,1
69901558,Praça Bebeto Alves,,São Francisco,7735,1
69901561,Praça Tamborim,,São Francisco,7735,1
69901564,Praça Monte Negro,,São Francisco,7735,1
69901567,Praça Chile,,São Francisco,7735,1
69901570,Praça Santiago,,São Francisco,7735,1
69901573,Praça Luiz Pereira,,São Francisco,7735,1
69901576,Travessa Paraíso,,São Francisco,7735,1
69901579,Avenida Doutor Mário Maia,- de 451/452 ao fim,São Francisco,7735,1
69901582,Travessa Joaquim Macêdo,,São Francisco,7735,1
69901585,Praça Joaquim Macêdo,- de 645/646 a 1475/1476,São Francisco,7735,1
69901588,Praça James Carlos,,São Francisco,7735,1
69901591,Praça Joaquim Macêdo,- de 1477/1478 ao fim,São Francisco,7735,1
69901594,Estrada das Placas,- até 298/299,São Francisco,7735,1
69901597,Praça Edson Lima,,São Francisco,7735,1
69901600,Praça Edson Ferreira,,São Francisco,7735,1
69901640,Avenida Edmundo Pinto,,Conjunto Oscar Passos,7735,1
69901643,Praça Ponte Serrada,,Conjunto Oscar Passos,7735,1
69901646,Travessa da União,,Conjunto Oscar Passos,7735,1
69901649,Travessa Genésio,,Conjunto Oscar Passos,7735,1
69901652,Praça Romário Costa,,Conjunto Oscar Passos,7735,1
69901655,Praça Edmundo Pinto,,Conjunto Oscar Passos,7735,1
69901658,Travessa Máncio Nilia,,Conjunto Oscar Passos,7735,1
69901661,Travessa Ruth Cardoso,,Conjunto Oscar Passos,7735,1
69901664,Avenida Doutor Mário Maia,- até 449/450,Conjunto Oscar Passos,7735,1
69901667,Travessa Veronese,,Conjunto Oscar Passos,7735,1
69901670,Praça Joaquim Macêdo,- até 643/644,Conjunto Oscar Passos,7735,1
69901680,Praça Luiz Gonzaga,- até 557/558,Vitória,7735,1
69901683,Praça Luiz Gonzaga,- de 559/560 ao fim,Vitória,7735,1
69901686,Avenida Iguaçu da Glória,,Vitória,7735,1
69901689,Praça do Vale,,Vitória,7735,1
69901692,Praça João Xavier,,Vitória,7735,1
69901695,Praça Iguaçu da Glória,,Vitória,7735,1
69901698,Praça Bandeirante,,Vitória,7735,1
69901701,Praça Thaumaturgo,,Vitória,7735,1
69901704,Travessa Thaumaturgo,,Vitória,7735,1
69901707,Praça da União,- de 601/602 ao fim,Vitória,7735,1
69901710,Travessa Jovem,,Vitória,7735,1
69901713,Travessa Juscelino Kubtischek,,Vitória,7735,1
69901716,Travessa Boa Sorte,,Vitória,7735,1
69901719,Praça do Divisor,- de 761 ao fim - lado ímpar,Vitória,7735,1
69901722,Praça Arco-íris,- de 401/402 ao fim,Vitória,7735,1
69901725,Travessa Bom Destino,,Vitória,7735,1
69901728,Praça Alvorada,- de 371/372 a 659/660,Vitória,7735,1
69901731,Praça São Raimundo Nonato,- de 601/602 ao fim,Vitória,7735,1
69901734,Praça Tupi Guarani,,Vitória,7735,1
69901737,Travessa Mangueira,,Vitória,7735,1
69901740,Praça Felicidade,,Vitória,7735,1
69901743,Praça Tião Natureza,,Vitória,7735,1
69901746,Avenida Beija-flor,,Vitória,7735,1
69901749,Praça da União,- até 599/600,Vitória,7735,1
69901752,Praça Santa Clara,,Vitória,7735,1
69901755,Praça Murupi,,Vitória,7735,1
69901758,Praça Arco-íris,- até 399/400,Vitória,7735,1
69901761,Travessa do Barbeiro,,Vitória,7735,1
69901764,Travessa São João,,Vitória,7735,1
69901767,Avenida Boa Ventura,- de 601/602 ao fim,Vitória,7735,1
69901770,Praça Alvorada,- até 369/370,Vitória,7735,1
69901773,Praça Boa Vista,- de 601/602 ao fim,Vitória,7735,1
69901776,Travessa Triângulo,,Vitória,7735,1
69901779,Praça Pedro Altino,,Vitória,7735,1
69901782,Praça Maria Atenas,,Vitória,7735,1
69901785,Praça Benjamin,,Vitória,7735,1
69901788,Praça Preciosa,,Vitória,7735,1
69901791,Travessa Beija-flor,,Vitória,7735,1
69901794,Travessa Verde,,Vitória,7735,1
69901797,Praça Santa Fé,,Vitória,7735,1
69901800,Avenida Boa Ventura,- até 599/600,Vitória,7735,1
69901803,Travessa Manga Larga,,Vitória,7735,1
69901806,Travessa Mara,,Vitória,7735,1
69901809,Praça Nelson Piquet,,Vitória,7735,1
69901812,Praça Ayrton Senna,- até 369/370,Vitória,7735,1
69901815,Estrada do São Francisco,- de 1321/1322 a 2345/2346,Vitória,7735,1
69901818,Praça Canadá,,Vitória,7735,1
69901821,Praça da Liberdade,,Vitória,7735,1
69901824,Praça Argentina,,Vitória,7735,1
69901827,Praça Espanha,,Vitória,7735,1
69901830,Travessa Santa Clara,,Vitória,7735,1
69901833,Travessa Santa Isabel,,Vitória,7735,1
69901836,Travessa Bom Pastor,,Vitória,7735,1
69901839,Travessa Cristã,,Vitória,7735,1
69901842,Travessa do Galo,,Vitória,7735,1
69901845,Travessa da Escola,,Vitória,7735,1
69901848,Praça Ayrton Senna,- de 371/372 ao fim,Vitória,7735,1
69901851,Travessa Cruzeiro do Sul,,Vitória,7735,1
69901854,Travessa da Vertente,,Vitória,7735,1
69901857,Travessa Miguel Ramos,,Vitória,7735,1
69901860,Travessa dos Anjos,,Vitória,7735,1
69901863,Praça São Raimundo Nonato,- até 599/600,Vitória,7735,1
69901866,Travessa São Caetano,,Vitória,7735,1
69901869,Praça Boa Vista,- até 599/600,Vitória,7735,1
69901872,Travessa da Colina,,Vitória,7735,1
69901875,Travessa Campo Verde,,Vitória,7735,1
69901878,Travessa do Limão,,Vitória,7735,1
69901881,Praça Raimundo Nonato,,Vitória,7735,1
69901884,Travessa Mossoró,,Vitória,7735,1
69901887,Praça do Divisor,- até 759 - lado ímpar,Vitória,7735,1
69901890,Estrada do São Francisco,- de 2347/2348 a 2615/2616,Vitória,7735,1
69902100,Estrada do Panorama,,Loteamento Jardim São Francisco,7735,1
69902103,Praça 1,,Loteamento Jardim São Francisco,7735,1
69902106,Praça 2,,Loteamento Jardim São Francisco,7735,1
69902109,Praça 3,,Loteamento Jardim São Francisco,7735,1
69902112,Praça 4,,Loteamento Jardim São Francisco,7735,1
69902115,Praça 6,,Loteamento Jardim São Francisco,7735,1
69902118,Praça 7,,Loteamento Jardim São Francisco,7735,1
69902121,Praça 8,,Loteamento Jardim São Francisco,7735,1
69902124,Praça 9,,Loteamento Jardim São Francisco,7735,1
69902127,Praça 10,,Loteamento Jardim São Francisco,7735,1
69902130,Praça 11,,Loteamento Jardim São Francisco,7735,1
69902133,Praça 12,,Loteamento Jardim São Francisco,7735,1
69902136,Praça Juruá,,Loteamento Jardim São Francisco,7735,1
69902139,Praça 13,,Loteamento Jardim São Francisco,7735,1
69902142,Praça 14,,Loteamento Jardim São Francisco,7735,1
69902410,Estrada do São Francisco,- de 2617/2618 ao fim,Eldorado,7735,1
69902413,Travessa Curítiba,,Eldorado,7735,1
69902416,Travessa do Divisor,,Eldorado,7735,1
69902419,Travessa Manaus,,Eldorado,7735,1
69902422,Praça Santa Luzia,,Eldorado,7735,1
69902425,Praça Girassol,- até 449/450,Eldorado,7735,1
69902428,Travessa Real,,Eldorado,7735,1
69902431,Praça Bom Jesus,,Eldorado,7735,1
69902434,Praça do Divisor,- até 760 - lado par,Eldorado,7735,1
69902437,Praça Rio Branco,,Eldorado,7735,1
69902440,Praça Elzo Rodrigues,,Eldorado,7735,1
69902443,Praça Alvorada,- de 661/662 ao fim,Eldorado,7735,1
69902446,Travessa Neves,,Eldorado,7735,1
69902449,Travessa 9 de Junho,,Eldorado,7735,1
69902452,Travessa Jurubeba,,Eldorado,7735,1
69902455,Praça Guanabara,,Eldorado,7735,1
69902458,Travessa Morada do Sol,,Eldorado,7735,1
69902461,Travessa João da Mata,,Eldorado,7735,1
69902464,Praça do Divisor,- de 762 ao fim - lado par,Eldorado,7735,1
69902467,Praça Flor de Maio,- até 399/400,Eldorado,7735,1
69902470,Praça 7 de Setembro,,Eldorado,7735,1
69902473,Travessa Jardim,,Eldorado,7735,1
69902476,Travessa 4 de Outubro,,Eldorado,7735,1
69902479,Praça Flor de Maio,- de 401/402 ao fim,Eldorado,7735,1
69902482,Travessa Rio de Janeiro,,Eldorado,7735,1
69902485,Travessa São Paulo,,Eldorado,7735,1
69902488,Praça Girassol,- de 451/452 ao fim,Eldorado,7735,1
69902491,Travessa Itabuna,,Eldorado,7735,1
69902494,Praça Independência,,Eldorado,7735,1
69902497,Praça Francisco Santiago,,Eldorado,7735,1
69902500,Travessa Castelão,,Eldorado,7735,1
69902503,Travessa Mel,,Eldorado,7735,1
69902506,Travessa Alto Verde,,Eldorado,7735,1
69902509,Travessa Caipó,,Eldorado,7735,1
69902512,Travessa Paulista,,Eldorado,7735,1
69902515,Travessa da Pupunha,,Eldorado,7735,1
69902518,Travessa Eldorado,,Eldorado,7735,1
69902521,Travessa das Dores,,Eldorado,7735,1
69902524,Travessa do Açaí,,Eldorado,7735,1
69902527,Travessa Edmundo Pinto,,Eldorado,7735,1
69902530,Praça Lourenço Lopes,- de 881/882 ao fim,Eldorado,7735,1
69902630,Praça Idelbrando de Souza,,Chico Mendes,7735,1
69902633,Praça Maestro Sandoval,,Chico Mendes,7735,1
69902636,Travessa Franco Silva,,Chico Mendes,7735,1
69902639,Travessa Zeca Torres,,Chico Mendes,7735,1
69902642,Praça Tião Naturaza,,Chico Mendes,7735,1
69902645,Travessa Francisco Ademar,,Chico Mendes,7735,1
69902648,Praça Cumarú,,Chico Mendes,7735,1
69902651,Travessa Ademar,,Chico Mendes,7735,1
69902654,Praça Tupi Guarani,,Chico Mendes,7735,1
69902657,Praça Cerejeira,,Chico Mendes,7735,1
69902660,Travessa Jatobá,,Chico Mendes,7735,1
69902663,Praça Isaías,,Chico Mendes,7735,1
69902666,Praça Lourenço Lopes,- até 880 - lado par,Chico Mendes,7735,1
69902669,Praça Jorge Rivasplata,,Chico Mendes,7735,1
69902672,Avenida Altamira,,Chico Mendes,7735,1
69902675,Praça Lourenço Lopes,- até 879 - lado ímpar,Chico Mendes,7735,1
69902678,Praça Rui Lino,,Chico Mendes,7735,1
69902681,Praça Juscelino Kubitschek,,Chico Mendes,7735,1
69902684,Travessa Raimundo Alves,,Chico Mendes,7735,1
69902687,Praça Angico,- até 449/450,Chico Mendes,7735,1
69902690,Praça Gregório Filho,,Chico Mendes,7735,1
69902693,Travessa Manoel Martins,,Chico Mendes,7735,1
69902696,Praça José de Araújo,,Chico Mendes,7735,1
69902699,Praça Cisne,- de 215/216 ao fim,Chico Mendes,7735,1
69902702,Praça Projetada 748,,Chico Mendes,7735,1
69902705,Praça Maria de Oliveira,,Chico Mendes,7735,1
69902708,Praça José Brito,,Chico Mendes,7735,1
69902711,Praça Silvino Oliveira,,Chico Mendes,7735,1
69902714,Praça Janiópolis,,Chico Mendes,7735,1
69902717,Praça Angico,- de 451/452 ao fim,Chico Mendes,7735,1
69902720,Travessa Cabral,,Chico Mendes,7735,1
69902723,Praça Feijó,,Chico Mendes,7735,1
69902726,Praça Francisco das Chagas,,Chico Mendes,7735,1
69902729,Travessa Perdis,,Chico Mendes,7735,1
69902735,Praça Ozanete,,Chico Mendes,7735,1
69902738,Praça Nobre,,Chico Mendes,7735,1
69902741,Travessa São José,,Chico Mendes,7735,1
69902744,Praça 13 de Maio,,Chico Mendes,7735,1
69902747,Travessa 7 de Setembro,,Chico Mendes,7735,1
69902749,Praça 20 de Março,- até 229/230,Chico Mendes,7735,1
69902750,Praça Gonçalves Dias,,Placas,7735,1
69902752,Praça Quinze de Novembro,,Placas,7735,1
69902754,Praça 11 de Março,,Placas,7735,1
69902756,Praça 7 de Dezembro,,Placas,7735,1
69902758,Praça 10 de Julho,,Placas,7735,1
69902760,Praça 1º de Agosto,,Placas,7735,1
69902764,Praça 3 de Setembro,,Placas,7735,1
69902768,Praça 12 de Outubro,,Placas,7735,1
69902770,Estrada das Placas,- de 300/301 a 1348/1349,Placas,7735,1
69902772,Praça H,,Placas,7735,1
69902774,Travessa Guarani,,Placas,7735,1
69902776,Praça 12 de Junho,,Placas,7735,1
69902778,Praça 1º de Janeiro,,Placas,7735,1
69902780,Praça 20 de Março,- de 231/232 ao fim,Placas,7735,1
69902782,Praça 20 de Janeiro,,Placas,7735,1
69902784,Travessa Dois,,Placas,7735,1
69902790,Estrada Jarbas Passarinho,- até 399/400,Wanderley Dantas,7735,1
69902793,Praça Projetada 726,,Wanderley Dantas,7735,1
69902810,Estrada das Placas,- de 1350/1351 a 2589/2590,Wanderley Dantas,7735,1
69902813,Estrada das Placas,- de 2591/2592 ao fim,Wanderley Dantas,7735,1
69902816,Travessa Juliana,,Wanderley Dantas,7735,1
69902819,Travessa Santa Bárbara,,Wanderley Dantas,7735,1
69902822,Beco da Mariana,,Wanderley Dantas,7735,1
69902825,Praça Mário Maia,,Wanderley Dantas,7735,1
69902828,Praça Severino Ferreira,- de 451/452 ao fim,Wanderley Dantas,7735,1
69902831,Praça Mamed Saad,,Wanderley Dantas,7735,1
69902834,Travessa Gomes de Alencar,,Wanderley Dantas,7735,1
69902837,Travessa Itamar Pascoal,,Wanderley Dantas,7735,1
69902840,Praça Anibal Viana,,Wanderley Dantas,7735,1
69902843,Praça Tadeu Viana,,Wanderley Dantas,7735,1
69902846,Praça Osmar Sales,,Wanderley Dantas,7735,1
69902849,Praça José Joaquim,,Wanderley Dantas,7735,1
69902852,Travessa João Queiroz,,Wanderley Dantas,7735,1
69902855,Praça Idelfonso de Almeida,,Wanderley Dantas,7735,1
69902858,Praça Amoty Pascoal,,Wanderley Dantas,7735,1
69902861,Praça João Florencio,,Wanderley Dantas,7735,1
69902864,Praça Severino Ferreira,- até 449/450,Wanderley Dantas,7735,1
69902867,Praça Dário de Sena,,Wanderley Dantas,7735,1
69902870,Travessa Marinelson,,Wanderley Dantas,7735,1
69902873,Praça Pequena Jéssca,,Wanderley Dantas,7735,1
69902876,Praça Abacaxi,,Wanderley Dantas,7735,1
69902879,Praça Raul Pompéia,,Wanderley Dantas,7735,1
69902882,Praça Santarém,,Wanderley Dantas,7735,1
69902885,Praça Marfim,,Wanderley Dantas,7735,1
69902889,Praça Rubi,,Wanderley Dantas,7735,1
69902891,Praça Topázio,,Wanderley Dantas,7735,1
69902894,Praça 7 de Setembro,,Wanderley Dantas,7735,1
69902992,"Ramal Benfica, s/n",,,7735,1
69903000,Praça Rondônia,,Xavier Maia,7735,1
69903002,Praça Licênio Azevedo Maia,,Xavier Maia,7735,1
69903004,Praça Roseana Sarney,,Xavier Maia,7735,1
69903008,Praça Plácido de Castro,,Xavier Maia,7735,1
69903010,Praça Bom Jesus,,Xavier Maia,7735,1
69903012,Praça Siqueira de Menezes,,Xavier Maia,7735,1
69903014,Praça Ayrton Senna,,Xavier Maia,7735,1
69903016,Avenida Brasil,- até 419/420,Xavier Maia,7735,1
69903018,Avenida Brasil,- de 421/422 a 715/716,Xavier Maia,7735,1
69903020,Praça do Coqueiro,,Xavier Maia,7735,1
69903022,Travessa Manaus,,Xavier Maia,7735,1
69903024,Praça Jambo,,Xavier Maia,7735,1
69903026,Travessa Ceará,,Xavier Maia,7735,1
69903028,Praça 25 de Dezembro,,Xavier Maia,7735,1
69903030,Praça 6 de Agosto,,Xavier Maia,7735,1
69903032,Praça Brilhante,,Xavier Maia,7735,1
69903034,Praça Rio de Janeiro,,Xavier Maia,7735,1
69903036,Praça Fortaleza,,Xavier Maia,7735,1
69903038,Praça Marfim,,Xavier Maia,7735,1
69903040,Praça dos Lirios,,Xavier Maia,7735,1
69903042,Praça Cruzeiro do Sul,,Xavier Maia,7735,1
69903044,Travessa Zera,,Xavier Maia,7735,1
69903046,Praça Leandro Melo,,Xavier Maia,7735,1
69903048,Travessa Maria da Conceição,,Xavier Maia,7735,1
69903050,Praça Wilson Ribeiro,,Xavier Maia,7735,1
69903052,Praça Goiabeira,,Xavier Maia,7735,1
69903054,Travessa Copacabana,,Xavier Maia,7735,1
69903056,Praça Belém,,Xavier Maia,7735,1
69903058,Praça Salvador,,Xavier Maia,7735,1
69903060,Praça do Silêncio,,Xavier Maia,7735,1
69903062,Praça 18 de Fevereiro,,Xavier Maia,7735,1
69903064,Praça Santa Catarina,,Xavier Maia,7735,1
69903066,Praça Hélio Melo,,Xavier Maia,7735,1
69903068,Avenida Brasil,- de 717/718 ao fim,Xavier Maia,7735,1
69903080,Praça 13,,Parque dos Sabiás,7735,1
69903082,Praça Projetada 1057,,Parque dos Sabiás,7735,1
69903084,Praça Projetada 973,,Parque dos Sabiás,7735,1
69903086,Praça Projetada 991,,Parque dos Sabiás,7735,1
69903088,Praça Projetada 989,,Parque dos Sabiás,7735,1
69903090,Praça Projetada 985,,Parque dos Sabiás,7735,1
69903092,Praça Projetada 984,,Parque dos Sabiás,7735,1
69903094,Praça Projetada 990,,Parque dos Sabiás,7735,1
69903096,Praça Projetada 992,,Parque dos Sabiás,7735,1
69903098,Praça Projetada 970,,Parque dos Sabiás,7735,1
69903100,Praça Projetada 1043,,Parque dos Sabiás,7735,1
69903130,Praça 12,,Parque dos Sabiás,7735,1
69903132,Praça Projetada 1054,,Parque dos Sabiás,7735,1
69903134,Praça Cedro,,Parque dos Sabiás,7735,1
69903136,Praça Cumarú,,Parque dos Sabiás,7735,1
69903138,Praça Samaúma,,Parque dos Sabiás,7735,1
69903140,Praça Projetada 969,,Parque dos Sabiás,7735,1
69903190,Estrada Jarbas Passarinho,- de 401/402 a 1919/1920,Parque dos Sabiás,7735,1
69903192,Estrada Jarbas Passarinho,- de 1921/1922 a 2509/2510,Parque dos Sabiás,7735,1
69903200,Praça Uirapuru,,Conjunto Ouricurí,7735,1
69903203,Praça Flamingo,,Conjunto Ouricurí,7735,1
69903206,Praça Gaivota II,,Conjunto Ouricurí,7735,1
69903209,Praça Perdiz,,Conjunto Ouricurí,7735,1
69903212,Praça Tucano,,Conjunto Ouricurí,7735,1
69903215,Praça Cisne,- até 213/214,Conjunto Ouricurí,7735,1
69903218,Travessa José de Araújo,,Conjunto Ouricurí,7735,1
69903221,Praça Garça,,Conjunto Ouricurí,7735,1
69903224,Praça João de Barro,,Conjunto Ouricurí,7735,1
69903227,Praça Sanhaçu,,Conjunto Ouricurí,7735,1
69903230,Praça Graúna,,Conjunto Ouricurí,7735,1
69903233,Praça Andorinha,,Conjunto Ouricurí,7735,1
69903236,Praça Gaivota,,Conjunto Ouricurí,7735,1
69903239,Praça Merlo,,Conjunto Ouricurí,7735,1
69903242,Praça Ema,,Conjunto Ouricurí,7735,1
69903245,Praça Avestruz,,Conjunto Ouricurí,7735,1
69903270,Praça Colibri,,Loteamento Jaguar,7735,1
69903273,Praça Sanhaçu,,Loteamento Jaguar,7735,1
69903276,Praça Pintassilgo,,Loteamento Jaguar,7735,1
69903279,Praça Canário,,Loteamento Jaguar,7735,1
69903282,Praça Sabiá,,Loteamento Jaguar,7735,1
69903285,Praça Bem-te-vi,,Loteamento Jaguar,7735,1
69903288,Praça Águia,,Loteamento Jaguar,7735,1
69903291,Praça Anel Sul,,Loteamento Jaguar,7735,1
69903294,Praça Jaguar,,Loteamento Jaguar,7735,1
69903297,Praça Anel Central,,Loteamento Jaguar,7735,1
69903300,Praça Tico-tico,,Loteamento Jaguar,7735,1
69903303,Praça dos Pássaros,,Loteamento Jaguar,7735,1
69903306,Praça Pardal,,Loteamento Jaguar,7735,1
69903309,Praça Pelicano,,Loteamento Jaguar,7735,1
69903312,Praça Arara,,Loteamento Jaguar,7735,1
69903315,Praça Periquito,,Loteamento Jaguar,7735,1
69903318,Praça Papagaio,,Loteamento Jaguar,7735,1
69903321,Praça Roxinol II,,Loteamento Jaguar,7735,1
69903324,Praça Anel Norte,,Loteamento Jaguar,7735,1
69903327,Travessa Beija-flor,,Loteamento Jaguar,7735,1
69903330,Praça Roxinol,,Loteamento Jaguar,7735,1
69903340,Estrada Jarbas Passarinho,- de 02511/2512 ao fim,Loteamento Santa Luzia,7735,1
69903343,Avenida dos Ipês,,Loteamento Santa Luzia,7735,1
69903346,Praça Cajui,,Loteamento Santa Luzia,7735,1
69903349,Praça Caucho,,Loteamento Santa Luzia,7735,1
69903352,Praça Arueira,,Loteamento Santa Luzia,7735,1
69903355,Praça Marupá,,Loteamento Santa Luzia,7735,1
69903358,Praça Tatajuba,,Loteamento Santa Luzia,7735,1
69903361,Praça Tamarindo,,Loteamento Santa Luzia,7735,1
69903364,Praça Guariuba,,Loteamento Santa Luzia,7735,1
69903367,Praça Abiu,,Loteamento Santa Luzia,7735,1
69903370,Praça Manite,,Loteamento Santa Luzia,7735,1
69903373,Praça Cedrorama,,Loteamento Santa Luzia,7735,1
69903410,Praça São João,- até 427/428,Loteamento Santa Luzia,7735,1
69903412,Praça São João,- de 429/430 ao fim,Loteamento Santa Luzia,7735,1
69903414,Praça 6,,Loteamento Santa Luzia,7735,1
69903416,Praça 1,,Loteamento Santa Luzia,7735,1
69903418,Praça 5,,Loteamento Santa Luzia,7735,1
69903420,Praça 2,,Loteamento Santa Luzia,7735,1
69903422,Praça 4,,Loteamento Santa Luzia,7735,1
69903424,Praça 7,,Loteamento Santa Luzia,7735,1
69903426,Praça 3,,Loteamento Santa Luzia,7735,1
69905000,Avenida Ceará,- de 956 a 1408 - lado par,Capoeira,7735,1
69905002,Travessa Zona Ampliada,,Capoeira,7735,1
69905004,Travessa Maria Amélia,,Capoeira,7735,1
69905006,Praça Manoel Cesário,- até 315/316,Capoeira,7735,1
69905008,Travessa Felisbela do Nascimento,,Capoeira,7735,1
69905010,Travessa Sergipe,,Capoeira,7735,1
69905012,Travessa Campo do Rio Branco,- de 471/472 a 839/840,Capoeira,7735,1
69905014,Travessa Roraima,,Capoeira,7735,1
69905016,Travessa Egito,,Capoeira,7735,1
69905018,Praça Manoel Cesário,- de 317/318 a 553/554,Capoeira,7735,1
69905020,Travessa Juricaba,,Capoeira,7735,1
69905022,Travessa Campo do Rio Branco,- até 469/470,Capoeira,7735,1
69905024,Parque da Maternidade,,Capoeira,7735,1
69905026,Travessa Boa Vista 1,,Capoeira,7735,1
69905027,Beco Colombo,,Capoeira,7735,1
69905028,Travessa Vasco da Gama,,Capoeira,7735,1
69905030,Praça Amazonas,,Capoeira,7735,1
69905032,Travessa da Granja,,Capoeira,7735,1
69905034,Praça Absolon Almeida,,Capoeira,7735,1
69905036,Travessa Boa Vista,,Capoeira,7735,1
69905038,Praça Boa Vista,,Capoeira,7735,1
69905040,Travessa Martiniano Prado,,Capoeira,7735,1
69905042,Praça Santa Inês,- até 319 - lado ímpar,Capoeira,7735,1
69905050,Travessa Guaporé,- lado ímpar,Cerâmica,7735,1
69905052,Travessa Guaporé,- lado par,Cerâmica,7735,1
69905054,Praça Raimundo Fernandes Gouvêa,,Cerâmica,7735,1
69905056,Travessa Júlio César,,Cerâmica,7735,1
69905058,Travessa Rio Branco,,Cerâmica,7735,1
69905060,Travessa Amapá,,Cerâmica,7735,1
69905062,Avenida Ceará,- de 534 a 954 - lado par,Cerâmica,7735,1
